,,,,,,,,,,,
Reverts Server Staff use,tutorial - read this ,,(updated tutorial on 07/26),,Metrics!,,,,,,
"username/ticket (try ctrl+shift+v 
if it doesn't paste right)",age,location,gender,"date of reversion 
(estimate is ok)
MM/DD/YYYY","follow up to support and 
teach basics",server status,"main mod(s) in 
contact
 (if applicable) ","date of last follow up 
MM/DD/YYYY",follow-up notes,more notes -> ,"Follow up reminder 
every 6 months"
filter,,,,,,,,,,,
Critical Based theory #3583,22+,United Kingdom,M,"a few months ago as of 
05/23","Yes, in progress",in server (muslim),lightseeker,05/20/2023,learning tajweed and general help,,"this will change 6 months
 after follow up"
itstimebrother#5922,,Dominican republic,M,04/22/2023,"Yes, in progress",in server (muslim),multiple mods,06/04/2023,learning basic Islamic phrases and phrases in the salaah,,
amyvernon#9870,18-21,Ireland,F,,"Yes, in progress",in server (muslim),radwa,05/22/2023,learning abt quran and prayer,,
"Abdul Azeez Al Manasir#6167 aka
da sus#6167 aka #Legatus",13-17,usa,M,,"Yes, in progress",in server (left islam/at risk),multiple mods,06/02/2023,"context: he was planning on converting
now he's hesitating, we should encourage him and support him in 
accepting islam, while not forcing anything upon him, wallahu alam ",,
StrawberryCut1e#0001,13-17,,F,05/24/2023,"Yes, in progress",in server (muslim),radwa,05/24/2023,learning prayer,,
"danny devito ‚ú®üëè#7428",22+,usa,F,05/20/2023,"Yes, in progress",in server (muslim),radwa,05/20/2023,learning prayer,,
"La mexicana#8898",13-17,mexico,F,05/17/2023,"Yes, in progress",in server (muslim),radwa,05/17/2023,,,
"jacoby#9820",22+,usa,M,05/26/2023,Complete,left server (in contact),,07/27/2023,he's moved on from discord and consults shiekhs directly for questions,,
"ImaniMaya#5516",22+,usa,F,,Complete,in server (muslim),,,,,
Remu#0181,22+,,M,,Complete,in server (muslim),,,active and seems to be doing well. pronouns in bio ,,
"HisBoba_#0069",18-21,,F,,"Yes, in progress",in server (muslim),radwa,,,,
"darebearü™ê#1680",18-21,usa,F,04/04/2023,"Yes, in progress",in server (muslim),radwa,,,,
"Ameera#7551",13-17,,F,,"Yes, in progress",in server (muslim),radwa,,,,
quinn#5957,18-21,,F,,"Yes, in progress",in server (muslim),radwa,,,,
"ŸÑÿßŸÜÿß#6665",13-17,,F,,"Yes, in progress",in server (muslim),radwa,,,,
"vxix#5909",18-21,,F,,"Yes, in progress",in server (muslim),radwa,,,,
princess aisha#5322,18-21,,F,,"Yes, in progress",in server (muslim),radwa,,,,
OrionX#9977,,,F,,"Yes, in progress",in server (muslim),radwa,05/26/2023,,,
kawaiinatty^^#2336,13-17,,F,,"Yes, in progress",in server (muslim),radwa,05/26/2023,,,
"Weird0#8225",18-21,turkey,F,06/02/2023,"Yes, in progress",in server (muslim),radwa,06/02/2023,learning salah,,
"Veronika Falcrow#7341",18-21,,F,05/26/2023,"Yes, in progress",in server (muslim),radwa,,,,
siSi#4169,13-17,,M,05/27/2023,Unable to reach,no contact/left server,Dries,,left server and does not accept friend requests,,
"GennaG#8466",18-21,india,F,,"Yes, in progress",in server (will convert soon inshaAllah),radwa,06/02/2023,last message is pretty old. message her again ,,
"Corrin#3765",22+,,M,,"Yes, in progress",left server (in contact),radwa (tickets),,A1phaWolf is in contact with this person,,
euphoria#7319,18-21,,F,,"Yes, in progress",in server (muslim),radwa,,alhamdulillah she became Muslim (prev. interested in islam),,
"PinkHijab#8082",22+,,F,05/16/2023,"Yes, in progress",in server (muslim),radwa,,,,
.h#2323,13-17,,F,05/02/2023,Not reached out,in server (muslim),,,please dm her and update this ,,
Maria‚ô°#8989,22+,,F,04/13/2023,"Yes, in progress",in server (muslim),radwa,,,,
"QuetzalQueen#0814",22+,,F,,Not reached out,no contact/left server,radwa,,last we heard she had doubts about islam. please reach out and update,,
Boba Queen#5597,18-21,,F,04/10/2023,"Yes, in progress",in server (muslim),radwa,,,,
Mango Comunista ‚ò≠#4215,18-21,ecuador,F,04/11/2023,"Yes, in progress",in server (muslim),multiple mods,,,,
"‚òÖ,ÔΩ°ÔΩ•Serena*‚Ä¢‚ôæ#9848",18-21,,F,04/07/2023,"Yes, in progress",in server (muslim),radwa,,,,
Ginge#0488,22+,usa,F,04/03/2023,"Yes, in progress",in server (muslim),radwa,,,,
ÿ™ÿ±ŸÉÿ≥#3468,13-17,usa,F,,"Yes, in progress",in server (muslim),radwa,,,,
yoruichi#0762,13-17,,F,02/12/2023,"Yes, in progress",in server (muslim),radwa,,,,
kornel32#8019,18-21,,M,10/01/2022,Unable to reach,in server (muslim),lightseeker,06/16/2023,"messaged, no response so far",,
"serbo#0001",,,M,09/03/2022,"Yes, in progress",in server (muslim),dries,06/09/2023,awaiting response ,,
"Captain Auslender#7125",22+,,M,08/27/2022,Unable to reach,in server (muslim),lightseeker,,no reply,,
Amina01#3754,,usa,F,08/20/2022,"Yes, in progress",in server (muslim),radwa,,,,
ÿ±ÿßÿ≠ŸäŸÑ Rachel#9980,22+,palestine,F,08/09/2022,"Yes, in progress",in server (muslim),radwa,,,,
"Alexanderwithanl#0794",,,M,07/23/2022,"Yes, in progress",in server (muslim),lightseeker,08/28/2023,,,
i dont know#0626,13-17,usa,F,07/13/2022,"Yes, in progress",in server (muslim),radwa,,,,
"Poignants#7744",18-21,,F,,"Yes, in progress",in server (will convert soon inshaAllah),radwa,,please reach out to her and update this!,,
coffee_cat#3725,18-21,usa,F,04/08/2022,"Yes, in progress",left server (in contact),radwa,,,,
"Ros√©#1705
crimson.petals542",18-21,usa,F,,Not reached out,in server (reverted w/us),radwa,,,,
Nora009182#2095,18-21,Ethiopia,F,,"Yes, in progress",in server (will convert soon inshaAllah),radwa,,please reach out to her and update this!,,
icaoi#9301,,,F,,"Yes, in progress",in server (muslim),radwa,,having problems with prayer,,
PujaKhadijahh#9452,18-21,india,F,,"Yes, in progress",in server (muslim),radwa,,,,
quinn#5957,18-21,,F,,"Yes, in progress",in server (muslim),radwa,,,,
"Ameera#7551",18-21,,F,,"Yes, in progress",in server (muslim),radwa,,,,
Kalon#7164,18-21,india,F,,"Yes, in progress",in server (muslim),radwa,,,,
space.griffin,18-21,,F,,"Yes, in progress",in server (muslim),radwa,,,,
ashleigh#6780,18-21,,F,,"Yes, in progress",in server (will convert soon inshaAllah),radwa,,please reach  to her and update!,,
[King_Of_The_Kingless_World]#6951,18-21,,F,,"Yes, in progress",in server (muslim),radwa,,,,
darai#1542,13-17,,F,,"Yes, in progress",in server (muslim),radwa,,,,
madisonz.,,usa,F,07/09/2023,Not reached out,in server (reverted w/us),Ÿáÿ¨ÿ±ÿ©,,please reach out to her and update this!,,
"village_atop_the_snowy_mountains 
(teyvion)",,usa,F confused,07/02/2023,Not reached out,in server (reverted w/us),,,converted with us in server. please reach out to her and update this!,,
brieflyglam,,,F,07/02/2023,Not reached out,no contact/left server,,,please reach out to her and update this!,,
apollos_genesis,,usa,M,06/06/2023,"Yes, in progress",in server (reverted w/us),lightseeker,08/20/2023,he struggles due to lack of muslims in his society but he holds on to islam ,,
sparky.07,,,F,06/02/2023,Not reached out,no contact/left server,,,please reach out to her and update this!,,
just_islam,,,F,5/28/2023,Not reached out,no contact/left server,,,please reach out to her and update this!,,
Veronika Falcrow#7341,,,F,05/26/2023,Not reached out,in server (muslim),,,please reach out to her and update this!,,
trico42toya,,,M,05/27/2023,Unable to reach,no contact/left server,lightseeker,,changed username unable to reach,,
enelenjoyer,,,F,05/24/2023,Not reached out,no contact/left server,,,please reach out to her and update this!,,
annabella#3068,13-17,,F,,"Yes, in progress",in server (reverted w/us),leena,,,,
durchcanurd,18-21,usa,M,08/04/2023,"Yes, in progress",in server (reverted w/us),reflecting soul,08/06/2023,dmed,,
dororo3177/Cool Bro Abdullah,,,M,07/26/2023,"Yes, in progress",in server (reverted w/us),,,,,
yakub_subhanallah,,,M,07/22/2023,Unable to reach,no contact/left server,,,deleted account :/,,
Samzino#6676,,,M,08/17/2023,"Yes, in progress",in server (muslim),,,reverted 3 or 4 days ago,,
khalisi_,,usa,F,08/19/2023,"Yes, in progress",in server (muslim),tickets,,,,
phrog.m,,usa,F,08/09/2023,Not reached out,in server (muslim),,,,,
star._rrr,,usa,F,08/11/2023,Not reached out,in server (muslim),,,,,
harshkumar0465,13-17,india,M,08/25/2023,"Yes, in progress",in server (muslim),,,,,
isawyourhistory,18-21,,M,,"Yes, in progress",in server (left islam/at risk),,,he's having doubts about islam,,
satire0007,22+,,,,Other (see notes),in server (will convert soon inshaAllah),,,"he's interested in Islam. let's try to keep an eye out for helping him whenever 
he wants help with islamic questions etc ",,